Actual Price,Predicted Price
27.668073654174805,27.537413
27.628046035766598,27.505018
27.865964889526367,27.467821
28.31736564636231,27.443712
28.019399642944332,27.457693
27.92823028564453,27.480396
28.14169692993164,27.502228
28.261768341064457,27.534763
28.206178665161133,27.580215
28.083877563476562,27.628807
28.190610885620117,27.66925
28.05497932434082,27.707716
27.739233016967773,27.734333
28.37295150756836,27.731834
28.219524383544922,27.746656
28.599756240844727,27.764202
28.833232879638672,27.805557
28.968870162963867,27.875778
29.495862960815426,27.970736
29.0311279296875,28.10945
28.604206085205078,28.24332
27.828170776367188,28.339579
28.673131942749023,28.356081
28.617540359497067,28.365078
27.97271156311035,28.365501
27.797042846679688,28.321268
27.96896743774414,28.237171
28.495927810668945,28.140179
28.205665588378906,28.0719
28.105173110961914,28.01137
28.136436462402344,27.953981
28.792903900146484,27.904135
28.75271224975586,27.902138
29.069782257080078,27.932343
29.042997360229492,28.002672
29.04075050354004,28.095793
29.33772468566894,28.199183
29.594509124755863,28.321308
28.9425048828125,28.464905
29.48286628723144,28.575897
29.424802780151367,28.689013
29.089874267578125,28.79361
29.147928237915043,28.8657
29.0184268951416,28.913681
29.054153442382812,28.933979
28.88445091247559,28.935637
28.72591400146484,28.913975
28.53612518310547,28.867626
28.45127296447754,28.795212
28.77727699279785,28.703592
28.7125186920166,28.623596
28.395448684692383,28.55322
28.339628219604492,28.474977
28.491464614868164,28.39233
28.424482345581055,28.320581
28.553983688354492,28.256948
28.268182754516605,28.21062
28.493701934814457,28.16221
28.364191055297855,28.128473
28.605344772338867,28.099419
28.469139099121094,28.089735
28.30167007446289,28.086256
27.80597305297852,28.077097
28.00693130493164,28.034353
28.268182754516605,27.98185
28.23245620727539,27.941292
28.13421249389648,27.909725
28.06499099731445,27.880558
27.368331909179688,27.850601
26.810110092163086,27.779882
27.526865005493164,27.650286
28.058290481567383,27.52911
28.047121047973636,27.45365
28.317302703857422,27.415157
28.69465065002441,27.421627
28.9425048828125,27.482521
29.489561080932614,27.593538
29.194822311401364,27.766449
27.960041046142578,27.955397
27.9466495513916,28.069483
27.799278259277344,28.121336
27.41298484802246,28.11658
27.549196243286133,28.048506
27.46211051940918,27.947607
27.32367515563965,27.824608
27.08475875854492,27.685314
26.44615364074707,27.52871
25.59765625,27.330973
25.76736068725586,27.064672
25.82343673706055,26.775194
25.9109058380127,26.49013
26.85295867919922,26.230728
25.455583572387695,26.061697
25.848106384277344,25.884182
25.827926635742188,25.733469
26.009599685668945,25.609444
26.278757095336914,25.522284
26.130722045898438,25.482405
25.79651260375977,25.4695
25.26717185974121,25.455978
23.721763610839844,25.410357
23.129615783691406,25.251257
23.2686767578125,24.98393
24.603254318237305,24.663166
25.327733993530273,24.403362
25.410730361938473,24.247183
25.291851043701172,24.180103
24.16139030456543,24.173521
25.19764518737793,24.142408
24.755775451660156,24.156038
24.5090389251709,24.174524
25.190916061401367,24.179815
24.70642852783203,24.215498
25.24922752380371,24.241972
25.617073059082035,24.292173
25.863805770874023,24.37853
26.081369400024414,24.500471
26.110536575317383,24.653603
25.552032470703125,24.821592
25.446609497070312,24.956501
25.841377258300785,25.05284
25.435400009155273,25.139378
25.64175033569336,25.189816
25.794275283813477,25.22377
25.729232788085938,25.253475
25.220077514648438,25.274897
24.461946487426754,25.258883
24.740076065063477,25.171618
24.57858276367188,25.055069
24.758020401000973,24.915413
24.847740173339844,24.778595
24.96661376953125,24.65779
24.847740173339844,24.563034
24.560636520385742,24.485615
25.148302078247067,24.407907
25.031661987304688,24.369389
25.074277877807617,24.354422
24.71988868713379,24.359415
25.0899772644043,24.356926
24.906053543090817,24.370823
25.060823440551758,24.384604
25.518386840820312,24.40642
25.51614761352539,24.459993
25.906429290771484,24.533138
26.709411621093754,24.63914
25.857078552246097,24.810514
25.69334220886231,24.967705
26.75202751159668,25.094746
27.03464317321777,25.255777
26.803613662719727,25.449116
27.180435180664062,25.640377
27.492214202880863,25.841187
27.364360809326175,26.055801
27.238216400146484,26.260061
27.269754409790043,26.437138
27.15937423706055,26.586163
26.303396224975586,26.699863
26.15472984313965,26.730381
26.066877365112305,26.690645
25.30550193786621,26.598286
25.7199764251709,26.428822
25.609600067138672,26.239494
26.420526504516605,26.041597
26.756166458129886,25.898504
26.8732967376709,25.824162
26.524145126342773,25.810822
26.778688430786133,25.820896
26.587221145629883,25.861782
26.53766441345215,25.910477
26.648042678833008,25.958326
26.43178939819336,26.008926
26.193016052246094,26.045298
25.949737548828125,26.054697
26.81247901916504,26.029438
26.643531799316406,26.032518
26.63227081298828,26.046211
26.04435539245605,26.066011
26.168241500854492,26.053757
25.49472045898437,26.026394
25.337039947509766,25.949608
24.888774871826172,25.832329
25.08024406433105,25.666351
24.54863739013672,25.486902
23.884122848510742,25.277151
24.176959991455075,25.018461
24.154438018798828,24.757488
24.465290069580078,24.509462
24.33463287353516,24.304132
24.062074661254883,24.13394
24.49457359313965,23.982437
24.174705505371094,23.878576
23.71068000793457,23.795721
23.73094940185547,23.704397
23.136262893676758,23.612808
22.68349838256836,23.490557
21.72615623474121,23.32591
21.84103012084961,23.083178
22.194686889648438,22.805151
22.516809463500977,22.539618
21.937894821166992,22.31838
22.417688369750977,22.107847
21.879322052001953,21.945436
21.773456573486328,21.795155
21.802736282348633,21.655361
21.692358016967773,21.532549
22.845687866210934,21.42218
22.399673461914062,21.395294
22.5235652923584,21.403692
21.043615341186523,21.443344
21.194538116455078,21.41447
21.92662811279297,21.345594
21.72164535522461,21.29549
21.282392501831055,21.250105
21.703622817993164,21.184505
21.878007888793945,21.132977
21.29368782043457,21.105232
21.51791000366211,21.06152
21.513383865356445,21.021738
21.350309371948242,20.986925
21.221216201782227,20.947952
21.286901473999023,20.90044
21.88707160949707,20.85335
22.22226142883301,20.845013
21.801013946533203,20.885252
21.751190185546875,20.932962
21.94142723083496,20.979656
21.445436477661133,21.033852
21.764774322509766,21.060656
21.91424560546875,21.084742
21.948225021362305,21.114548
21.89839744567871,21.148844
22.768081665039062,21.181421
22.817907333374023,21.262562
22.98775863647461,21.377304
23.329753875732422,21.519382
23.071563720703125,21.692938
22.881319046020508,21.8634
22.90169906616211,22.009789
22.913036346435547,22.131207
23.159891128540043,22.228258
23.218774795532223,22.317007
23.685327529907223,22.398487
24.000135421752933,22.498095
23.961635589599606,22.624155
23.988811492919922,22.759802
23.986547470092773,22.895952
24.169994354248047,23.024323
24.03636741638184,23.150518
23.93218994140625,23.259918
23.823484420776367,23.344633
24.38741683959961,23.400284
24.81320190429688,23.4657
24.684101104736328,23.560368
24.910585403442386,23.663193
25.1665096282959,23.779366
24.86981773376465,23.913729
25.13027572631836,24.035597
24.58219718933105,24.156689
24.609365463256836,24.237455
24.690896987915036,24.285955
25.012502670288086,24.313587
25.374870300292965,24.344252
25.388458251953125,24.397491
24.87887763977051,24.465061
24.342124938964844,24.508564
24.213022232055664,24.499926
24.262849807739258,24.446558
24.000135421752933,24.367506
23.93446159362793,24.259455
23.798568725585938,24.13337
23.633235931396484,23.994053
22.154317855834957,23.843897
21.477148056030273,23.606833
21.230276107788086,23.280598
21.2076358795166,22.895103
21.556407928466797,22.489008
21.332197189331055,22.113386
21.245607376098633,21.769085
21.127120971679688,21.46235
21.143068313598633,21.193357
21.286623001098633,20.967737
21.079275131225586,20.794474
20.58481788635254,20.65606
20.625837326049805,20.52053
21.391437530517578,20.396343
21.302576065063477,20.332382
21.5463809967041,20.310062
21.464351654052734,20.332674
21.69676971435547,20.380785
21.972482681274414,20.457405
22.307432174682617,20.56588
22.699354171752926,20.710354
22.879364013671875,20.895172
22.86568641662598,21.108524
22.75403594970703,21.32859
22.435029983520508,21.533407
22.266420364379883,21.695837
22.311992645263675,21.807951
22.473773956298828,21.880163
22.564910888671875,21.929556
22.54440689086914,21.965708
22.70619201660156,21.989578
22.51934051513672,22.013313
22.179828643798828,22.024921
22.20717430114746,22.007118
22.134262084960938,21.97097
22.22768211364746,21.919786
21.72182846069336,21.866653
21.669431686401367,21.785484
21.853986740112305,21.68578
21.77196502685547,21.589834
21.897289276123047,21.497698
21.282066345214844,21.421257
20.972177505493164,21.324131
21.325355529785156,21.199049
21.50992202758789,21.082075
21.783355712890625,20.989073
21.84943199157715,20.9351
21.644363403320312,20.916294
21.76740264892578,20.911404
21.86083221435547,20.923588
22.029443740844727,20.95258
22.097803115844727,21.001663
22.19805908203125,21.066126
22.072742462158203,21.143528
22.510229110717773,21.217981
22.507947921752926,21.311651
22.747205734252926,21.413586
22.756319046020508,21.529531
22.776824951171875,21.649271
22.65605926513672,21.765789
22.480602264404293,21.865871
22.179828643798828,21.93774
22.027170181274414,21.967215
23.4581241607666,21.9555
23.774847030639645,22.000433
23.745227813720703,22.103548
24.16449546813965,22.240904
23.806751251220703,22.419598
24.105237960815426,22.596073
24.254154205322266,22.777838
24.62299919128418,22.961535
24.826885223388672,23.157776
24.92768478393555,23.363789
24.74212074279785,23.570766
24.726091384887695,23.755169
24.783361434936527,23.911491
25.081186294555664,24.042044
25.058269500732425,24.164568
25.02161979675293,24.273275
24.989547729492188,24.36382
25.053695678710934,24.434422
24.85896110534668,24.490755
24.936853408813473,24.522297
24.74899482727051,24.53913
24.643611907958984,24.53361
24.499286651611328,24.506353
24.471796035766605,24.4568
24.283935546875004,24.392818
24.30685043334961,24.311384
24.4511775970459,24.223816
24.680269241333008,24.14593
24.67339706420898,24.09355
24.82459831237793,24.062363
24.173969268798828,24.057178
23.62644004821777,24.032001
24.155643463134766,23.960691
24.730670928955078,23.891708
25.605806350708008,23.863174
26.476367950439453,23.917992
26.327451705932617,24.081814
26.02046585083008,24.30533
26.01817512512207,24.53924
26.013599395751953,24.765678
26.258720397949215,24.972486
25.821157455444336,25.167322
25.860103607177734,25.315811
25.9082088470459,25.424458
26.105241775512695,25.501299
25.699739456176758,25.56307
25.89904975891113,25.586668
25.777629852294922,25.593735
25.887588500976562,25.581871
25.89904975891113,25.564137
26.091482162475586,25.544401
26.130434036254883,25.536272
26.586328506469727,25.539614
26.64360237121582,25.578451
26.881855010986328,25.644136
26.799386978149414,25.73939
26.948293685913082,25.845179
26.929967880249023,25.960905
26.911642074584957,26.075655
26.83146095275879,26.181627
26.81771087646484,26.270115
26.712327957153324,26.339964
26.952880859375,26.38609
27.09033393859863,26.42706
26.480941772460938,26.470526
26.226655960083008,26.476929
26.052536010742188,26.441053
26.01130485534668,26.366734
25.541658401489258,26.267097
25.564573287963864,26.127487
25.29055023193359,25.969069
25.062580108642578,25.790588
25.424104690551758,25.594883
25.57378387451172,25.420235
25.53233337402344,25.280373
24.820796966552734,25.171358
24.96817398071289,25.048172
24.34183692932129,24.930265
24.664213180541992,24.785524
25.327394485473636,24.64882
25.31818389892578,24.56565
25.343503952026367,24.525446
25.728063583374023,24.519611
25.744184494018555,24.561337
25.61292839050293,24.635368
25.74187469482422,24.719788
25.69120979309082,24.813755
25.6658935546875,24.90561
25.44944000244141,24.988634
25.212257385253906,25.047224
25.30666732788086,25.070436
25.124755859375,25.072508
25.31818389892578,25.048677
25.566871643066406,25.01944
25.817867279052734,25.003344
26.239263534545895,25.013035
26.089590072631836,25.06614
26.52480125427246,25.138475
26.52480125427246,25.24615
26.66986465454102,25.372791
26.704404830932617,25.51395
26.858686447143555,25.659037
26.930074691772464,25.807386
26.955402374267578,25.953506
26.77809333801269,26.090849
26.83105659484863,26.203123
27.0014591217041,26.293959
26.886320114135742,26.374498
26.879411697387695,26.436327
26.66986465454102,26.480898
26.745855331420902,26.498188
26.715915679931637,26.499693
26.85177612304688,26.488386
27.15113067626953,26.477047
27.399820327758786,26.484686
27.427457809448242,26.52077
27.574827194213864,26.576975
27.459693908691406,26.653091
27.41133689880371,26.73201
27.632394790649414,26.80514
27.630094528198242,26.882925
27.581733703613278,26.959343
27.632394790649414,27.027319
27.650821685791016,27.08825
27.625486373901367,27.141708
28.065303802490234,27.18523
28.079116821289062,27.245602
28.081417083740238,27.315641
28.00773429870605,27.388678
27.943260192871094,27.455128
29.647254943847656,27.509027
29.59659194946289,27.653303
29.723243713378906,27.851614
30.001873016357422,28.084293
30.287412643432617,28.344313
30.40484619140625,28.62546
30.624549865722653,28.911922
30.555158615112305,29.19823
30.82575225830078,29.463154
31.225858688354492,29.713314
31.339162826538086,29.962461
31.302175521850586,30.203314
31.387735366821293,30.421982
31.614377975463867,30.617228
31.709188461303707,30.79821
31.575071334838867,30.964464
31.60511589050293,31.102627
31.66756248474121,31.214668
31.681453704833984,31.305601
32.32900619506836,31.377367
32.13705062866211,31.470839
32.32668685913086,31.56332
32.224937438964844,31.661324
32.26655578613281,31.751572
32.14630126953125,31.833557
32.07229232788086,31.897642
32.178680419921875,31.940756
32.19254684448242,31.972927
32.14399337768555,31.996487
32.483951568603516,32.009792
32.53714370727539,32.035793
32.37525177001953,32.072876
32.71521759033203,32.10603
32.340553283691406,32.15501
32.705970764160156,32.189854
32.5903205871582,32.23454
32.525577545166016,32.276745
32.58107376098633,32.310726
33.25637435913086,32.340168
33.33039474487305,32.405632
33.28644561767578,32.497738
33.22400665283203,32.60075
33.233253479003906,32.701504
33.480716705322266,32.795048
33.30725860595703,32.892807
33.22400665283203,32.977287
33.150001525878906,33.042145
33.110660552978516,33.08466
32.75454330444336,33.106407
32.79384994506836,33.0906
32.62040328979492,33.051422
32.80078125,32.987698
32.65507888793945,32.921444
32.534820556640625,32.848896
32.94184875488281,32.769108
32.90253829956055,32.713737
33.21937942504883,32.677025
33.425209045410156,32.675064
33.22862243652344,32.710594
33.254066467285156,32.75877
33.221683502197266,32.81431
33.899314880371094,32.869556
34.11438751220703,32.962185
34.010318756103516,33.089123
33.88773727416992,33.226566
34.449729919433594,33.355595
35.3863639831543,33.50479
35.61300277709961,33.716522
35.44417190551758,33.974327
35.75071334838867,34.239254
36.25,34.51179
36.157108306884766,34.803772
36.103694915771484,35.08653
34.891483306884766,35.34241
35.423282623291016,35.48983
35.54404067993164,35.58328
35.76001739501953,35.640564
35.715877532958984,35.682472
35.60905456542969,35.70897
35.73213195800781,35.71699
35.67176055908203,35.71937
35.685691833496094,35.714394
35.4743766784668,35.705673
35.571903228759766,35.682236
36.09904098510742,35.65581
35.746070861816406,35.661175
35.86682891845703,35.667713
36.080467224121094,35.68202
35.99222946166992,35.714058
34.59657287597656,35.75148
33.76984786987305,35.70536
34.04155349731445,35.55162
33.70947265625,35.346706
33.5074462890625,35.097813
33.03834915161133,34.820606
33.98350524902344,34.51177
33.674652099609375,34.25649
33.87435531616211,34.036617
33.81862258911133,33.867332
33.96956253051758,33.740833
33.86273956298828,33.661266
33.37739562988281,33.61306
33.86506271362305,33.56007
33.36578369140625,33.53567
33.444740295410156,33.502502
33.32398986816406,33.469242
33.460994720458984,33.430252
33.145179748535156,33.39752
33.48189163208008,33.35192
33.686256408691406,33.320045
33.795379638671875,33.312313
33.84415817260742,33.328903
34.31558609008789,33.36474
34.610496520996094,33.440655
34.73126220703125,33.558533
34.852020263671875,33.706524
35.070308685302734,33.87425
34.91239547729492,34.059017
34.89612579345703,34.23507
35.31877899169922,34.393066
35.469730377197266,34.554314
35.636924743652344,34.71755
34.96347427368164,34.882748
34.717323303222656,34.998566
34.538516998291016,35.057133
34.84504699707031,35.060596
36.49150466918945,35.043518
36.12690353393555,35.113663
36.31733703613281,35.22069
36.87931823730469,35.35944
37.174251556396484,35.546864
37.40180969238281,35.775875
36.21050262451172,36.03464
36.71407699584961,36.226143
37.266597747802734,36.38834
37.67458724975586,36.553688
37.523048400878906,36.736618
36.80265808105469,36.9122
36.7187385559082,37.02813
36.651123046875,37.08943
37.250282287597656,37.104225
37.29690933227539,37.121998
37.13138961791992,37.144352
37.26893615722656,37.159027
37.644283294677734,37.176075
37.97999572753906,37.217037
38.082584381103516,37.29343
38.2341194152832,37.396984
38.24576950073242,37.522995
37.7864875793457,37.6581
37.746864318847656,37.763332
37.5953254699707,37.83828
36.982173919677734,37.877792
37.651268005371094,37.852234
37.50209426879883,37.82281
37.21997833251953,37.783764
36.90058517456055,37.72332
37.27360534667969,37.631985
36.991512298583984,37.5471
37.005496978759766,37.45503
36.385353088378906,37.364376
35.760555267333984,37.24245
35.41084671020508,37.067368
35.09844970703125,36.843487
35.7022705078125,36.579273
35.956382751464844,36.339066
35.73490905761719,36.146275
35.930747985839844,35.985638
35.85847091674805,35.869385
36.01467514038086,35.78719
35.78153991699219,35.743347
36.22682571411133,35.714886
36.20583724975586,35.72568
36.33173370361328,35.76221
36.3457145690918,35.822132
36.49725341796875,35.895596
36.3690299987793,35.983162
36.599849700927734,36.067413
37.27360534667969,36.158012
37.41115188598633,36.288704
37.245609283447266,36.448635
36.3643684387207,36.609634
36.427330017089844,36.707684
36.408660888671875,36.7584
36.62548065185547,36.771217
36.46461868286133,36.769703
36.69775390625,36.74865
38.012638092041016,36.72949
38.86824417114258,36.79352
39.40911102294922,36.966026
38.90787124633789,37.239037
39.19229507446289,37.536606
40.215755462646484,37.850597
40.62373352050781,38.219696
40.754295349121094,38.630768
41.087684631347656,39.05482
41.00375747680664,39.482807
40.86805725097656,39.88248
40.70427322387695,40.229443
40.08892059326172,40.50789
39.56014633178711,40.683155
40.03276824951172,40.742287
39.810482025146484,40.74488
39.770713806152344,40.69443
40.51007843017578,40.607845
40.93590545654297,40.54713
40.938236236572266,40.535656
40.73233413696289,40.560863
40.49368667602539,40.59842
39.65373611450195,40.62793
40.20824432373047,40.598255
40.02107238769531,40.562077
39.72861099243164,40.512054
39.691162109375,40.437366
39.543758392333984,40.347404
39.61629867553711,40.243084
39.627986907958984,40.139412
40.40011978149414,40.043327
40.173152923583984,40.005917
40.3065299987793,39.998837
40.29481887817383,40.021885
40.70427322387695,40.064102
41.27749252319336,40.14229
40.83763122558594,40.27639
40.79317092895508,40.415054
40.94759750366211,40.545464
40.94759750366211,40.671265
39.90876388549805,40.786
39.91577911376953,40.821964
40.0280876159668,40.799923
39.59523391723633,40.744934
40.30417251586914,40.643578
40.297149658203125,40.5592
40.484336853027344,40.492115
40.94527053833008,40.453285
40.79317092895508,40.465492
40.78849411010742,40.50414
40.77914810180664,40.558903
41.010772705078125,40.621056
41.43425750732422,40.69872
41.22369384765625,40.80861
41.90454864501953,40.921772
41.941986083984375,41.072136
41.75481414794922,41.242165
41.413204193115234,41.404293
41.42256546020508,41.529785
40.76277542114258,41.62202
40.03510284423828,41.644405
40.12870407104492,41.57103
39.2980842590332,41.439877
39.06645584106445,41.22498
39.1740837097168,40.949745
39.255977630615234,40.65536
37.552642822265625,40.37078
36.61442184448242,40.006615
38.14460372924805,39.550472
37.32802963256836,39.14984
36.3009033203125,38.763565
36.744903564453125,38.348152
38.22495651245117,37.96374
38.60787582397461,37.71471
39.31970977783203,37.600723
40.63999938964844,37.633053
40.5084342956543,37.847977
40.37217330932617,38.171463
40.188934326171875,38.54315
40.52489471435547,38.91401
41.229671478271484,39.281147
42.04486846923828,39.66587
41.908599853515625,40.089626
41.845176696777344,40.50706
41.11220932006836,40.890675
41.396461486816406,41.18175
41.539764404296875,41.406853
41.5045280456543,41.58059
41.1192512512207,41.705738
41.567962646484375,41.765762
42.282135009765625,41.80417
42.690921783447266,41.86968
42.279788970947266,41.9766
41.92034912109375,42.081905
41.96967697143555,42.15788
41.821678161621094,42.21157
41.18267822265625,42.23721
41.16858673095703,42.20219
40.235931396484375,42.125427
39.66740036010742,41.966526
38.748844146728516,41.72413
40.58831024169922,41.38095
39.547584533691406,41.10001
39.110626220703125,40.81735
39.41603088378906,40.52415
39.15760803222656,40.25996
39.55933380126953,40.016624
40.31580352783203,39.827312
40.595359802246094,39.734108
39.55698776245117,39.731995
39.949317932128906,39.730812
40.701072692871094,39.75347
40.51079559326172,39.83719
40.910160064697266,39.947243
41.04876708984375,40.093372
41.30483627319336,40.264458
41.87336349487305,40.458317
41.77939224243164,40.691326
40.595359802246094,40.932175
38.93207931518555,41.09091
38.81931686401367,41.078907
38.27897644042969,40.938915
38.44578170776367,40.683464
38.579689025878906,40.37217
38.133323669433594,40.049072
38.824012756347656,39.71073
39.72613525390625,39.42488
41.481040954589844,39.249523
41.55620574951172,39.271492
43.18660736083984,39.437817
43.49905776977538,39.796745
43.708137512207024,40.290035
44.015892028808594,40.86108
44.645492553710945,41.470646
44.4757080078125,42.108406
44.371925354003906,42.716164
43.96865844726563,43.25854
44.378997802734375,43.69612
44.09837341308593,44.057976
43.93799972534179,44.327087
44.249305725097656,44.504745
44.13845443725586,44.626797
44.421463012695305,44.69615
44.371925354003906,44.742466
44.47334671020508,44.767597
44.31296920776367,44.783367
44.21865463256836,44.7824
44.07007598876953,44.76437
44.864837646484375,44.726616
45.23980712890625,44.726635
45.588829040527344,44.777096
45.7468376159668,44.88229
45.62420654296875,45.02994
45.20913314819336,45.191193
45.098289489746094,45.32641
45.34592056274414,45.427753
44.97331237792969,45.51401
44.996891021728516,45.561222
44.53466033935547,45.579365
44.51107406616211,45.547318
43.79178237915039,45.480328
43.98280715942383,45.34838
43.73754882812499,45.190407
43.6101951599121,45.00874
42.96164321899413,44.813793
43.49462890625,44.58153
43.43095397949219,44.369938
43.74697494506835,44.182144
43.655006408691406,44.042316
44.14317703247071,43.939438
43.37435531616211,43.899063
43.723396301269524,43.857918
44.32948303222656,43.839794
44.945018768310554,43.876125
44.890769958496094,43.986713
44.308258056640625,44.139812
45.051132202148445,44.277447
45.121883392333984,44.441124
45.02283477783203,44.617382
45.150177001953125,44.78553
44.90255737304688,44.945374
45.25160217285156,45.07415
45.14781570434571,45.1946
45.18790817260742,45.295464
45.515708923339844,45.37895
45.944934844970696,45.465515
45.80108642578126,45.575863
45.03934097290039,45.687798
44.78700256347656,45.747074
44.876617431640625,45.74978
47.52030944824219,45.71775
48.90934753417969,45.826958
49.05086898803712,46.11672
49.30554962158204,46.52666
48.84333419799805,47.012974
48.8763427734375,47.494705
49.260753631591804,47.94518
49.114013671875,48.3693
49.43113708496094,48.739326
49.639408111572266,49.068104
49.75536727905273,49.360695
50.4842872619629,49.617374
51.49244689941406,49.878925
50.9907341003418,50.191505
50.891326904296875,50.490463
50.893695831298835,50.75589
50.99782943725586,50.98178
51.15640258789062,51.172653
51.57764434814453,51.337315
51.99416732788086,51.500103
52.770404815673835,51.678123
53.25556564331055,51.90512
53.8708839416504,52.18375
54.043636322021484,52.52086
53.691017150878906,52.889797
52.798805236816406,53.23664
52.37282943725586,53.49055
51.669944763183594,53.636364
52.97630310058594,53.652645
52.31839370727539,53.65844
53.5821533203125,53.615536
52.97394943237305,53.62094
51.563453674316406,53.622635
51.64864349365235,53.534096
51.67941665649414,53.392998
52.072269439697266,53.225365
51.51139450073242,53.074104
52.252132415771484,52.90897
52.583457946777344,52.790863
52.16456604003906,52.734116
53.23662567138672,52.69829
53.42359924316406,52.746605
53.78331756591797,52.862988
54.26135635375977,53.04286
54.92164611816406,53.2863
53.95607376098633,53.60087
53.080440521240234,53.885418
52.95737838745118,54.075974
53.691017150878906,54.180096
51.20372390747071,54.26231
50.751712799072266,54.16793
52.56452941894532,53.92688
51.44038009643555,53.710472
52.57398223876953,53.454754
52.34679412841797,53.258926
51.123260498046875,53.103752
51.9018783569336,52.911034
52.21898651123047,52.752514
52.71124267578125,52.647533
50.903175354003906,52.6177
52.017833709716804,52.529766
51.18952560424805,52.475677
50.22868347167969,52.39644
50.47954177856445,52.24411
51.795379638671875,52.064754
52.59054946899414,51.959084
49.1021842956543,51.96172
47.7082633972168,51.823246
48.224178314208984,51.506683
49.686744689941406,51.11498
49.51337432861328,50.784695
48.558685302734375,50.507576
46.112571716308594,50.226227
45.65186309814453,49.807243
44.36229705810546,49.28764
45.457115173339844,48.64816
45.96058654785156,48.030334
44.1390724182129,47.496655
42.030208587646484,46.942917
41.98270797729492,46.278496
40.91638946533203,45.572456
41.4697380065918,44.813576
41.37948226928711,44.09677
42.97063446044922,43.447468
42.640541076660156,42.98285
42.4101676940918,42.6572
43.89208602905274,42.43518
41.961334228515625,42.390198
41.49348068237305,42.353947
40.01395034790039,42.295437
40.277557373046875,42.1319
40.047203063964844,41.918205
40.1588134765625,41.666756
40.59816360473633,41.410072
39.29911422729492,41.192
38.93338394165039,40.93492
39.439247131347656,40.642857
38.20905303955078,40.37422
37.24486541748047,40.06309
35.796207427978516,39.68114
34.8700065612793,39.18293
37.32561492919922,38.575115
37.083370208740234,38.07529
37.10238265991211,37.668537
37.46099090576172,37.35389
37.50371551513672,37.14537
33.76807403564453,37.027107
35.20960998535156,36.7517
35.131248474121094,36.466423
35.80095291137695,36.18592
36.40891647338867,35.965946
36.52528381347656,35.839207
36.166683197021484,35.793476
35.62283706665039,35.785904
36.35192108154297,35.771976
36.796024322509766,35.79777
37.014503479003906,35.876972
37.24249267578125,36.002438
36.40653991699219,36.166824
36.55378341674805,36.2976
36.26405334472656,36.404766
37.46572494506836,36.47063
37.118995666503906,36.57624
36.73426055908203,36.683067
39.244503021240234,36.760857
39.527095794677734,36.96662
39.54610824584961,37.269466
40.669410705566406,37.624653
41.36524200439453,38.0644
41.37948226928711,38.58061
40.59579086303711,39.120857
40.64348220825195,39.596943
40.40974807739258,40.00091
40.757972717285156,40.31457
40.588626861572266,40.566593
40.73651123046875,40.749702
40.6458625793457,40.88256
40.76750183105469,40.966957
41.02985382080078,41.02017
40.79851150512695,41.06501
41.254058837890625,41.087837
41.5545768737793,41.1223
41.578433990478516,41.182102
41.70722198486328,41.258316
41.296993255615234,41.34985
41.731075286865234,41.421688
41.94093704223633,41.501892
41.8646354675293,41.596226
41.623748779296875,41.690346
41.141963958740234,41.763855
41.23974609375,41.78859
42.66838836669922,41.783127
43.14778518676757,41.844597
43.33858108520507,41.980034
43.82036972045898,42.17207
44.39039611816407,42.422565
44.843544006347656,42.73463
44.48817443847656,43.099464
44.876930236816406,43.457535
46.52976226806641,43.812744
45.56621170043945,44.246494
45.0152702331543,44.65017
44.55018615722656,44.97372
44.95087814331055,45.19173
45.010498046875,45.346428
45.30385971069336,45.4509
45.61153030395508,45.532238
46.27456665039063,45.61207
46.591796875,45.727863
46.67288589477539,45.882603
46.98530197143555,46.06121
47.72467041015625,46.26565
47.58157348632813,46.5221
47.848690032958984,46.79114
47.45040130615234,47.0694
47.431304931640625,47.312447
47.51717376708984,47.514454
47.52194595336914,47.680367
48.447349548339844,47.81101
48.62146759033203,47.966522
48.78125381469727,48.14146
49.48484420776367,48.329964
49.40850830078125,48.560764
48.96012878417969,48.803024
48.72640609741211,49.0109
48.800323486328125,49.167202
47.860633850097656,49.282013
50.20988845825195,49.302025
49.883132934570305,49.400215
50.50324630737305,49.527843
49.72333526611328,49.707935
48.382957458496094,49.865925
48.39249038696289,49.91521
47.87255096435546,49.88503
47.20935058593751,49.76794
44.465568542480476,49.555447
45.16947555541992,49.118362
45.71055984497071,48.593086
45.509456634521484,48.07121
45.25086975097656,47.57198
43.83588790893555,47.104088
44.67625427246094,46.599945
43.761672973632805,46.152714
43.014671325683594,45.716465
42.84947204589843,45.2682
42.672283172607415,44.827904
42.46878433227539,44.408504
42.68903732299804,44.016323
41.91571807861328,43.680252
41.49193572998047,43.356304
43.00986862182617,43.0338
43.70419692993164,42.82439
44.345855712890625,42.75044
45.526214599609375,42.81646
46.108001708984375,43.05028
46.64191436767578,43.42458
46.49348068237305,43.90819
46.48389434814454,44.429832
46.146305084228516,44.944916
46.42165756225586,45.40187
47.51342010498047,45.80593
47.374542236328125,46.2152
47.75522994995117,46.59469
47.59242248535156,46.953903
47.54454040527344,47.267082
46.82387924194336,47.52597
47.836639404296875,47.68623
47.82227325439453,47.83026
47.38652038574218,47.953754
48.2556266784668,48.028896
48.53814315795899,48.119907
48.94038009643555,48.23482
48.897274017333984,48.385395
47.88931655883789,48.54989
48.18140792846679,48.6518
48.65786361694336,48.721405
48.30350875854492,48.793526
48.674617767333984,48.841213
49.13191986083985,48.892067
48.9619140625,48.970776
48.68658447265625,49.054146
49.23965072631836,49.118835
48.50462341308594,49.20087
49.613151550292976,49.244488
50.001014709472656,49.327377
49.96031570434571,49.457264
49.56526947021484,49.610252
49.73764038085937,49.745754
50.2021369934082,49.87129
49.98666000366211,50.010944
51.006587982177734,50.138634
49.90284729003906,50.313797
48.84700012207032,50.443054
46.289962768554695,50.466206
47.1662483215332,50.253456
47.6546630859375,49.941322
48.70573425292969,49.608276
48.304386138916016,49.34684
48.18181610107422,49.128117
50.22224426269531,48.946205
48.72736358642579,48.928658
48.48463821411133,48.9359
49.628623962402344,48.94514
50.55389785766601,49.025784
50.556297302246094,49.209244
51.1042594909668,49.45429
51.06099319458008,49.761864
48.700931549072266,50.09175
49.626213073730476,50.269436
49.06624221801758,50.38562
49.3954963684082,50.415577
50.23184585571289,50.403286
50.166969299316406,50.414238
49.43634796142579,50.43747
50.275115966796875,50.423054
51.2580680847168,50.435566
51.253257751464844,50.527905
51.47196960449219,50.671223
52.08000183105469,50.85584
53.73588943481446,51.0964
53.61572265625,51.465366
52.57268905639648,51.895096
52.84907150268554,52.276093
53.04132843017578,52.616177
53.538818359375,52.91792
53.10382080078125,53.205017
52.32755661010742,53.436886
52.56547164916992,53.567078
52.315528869628906,53.632607
53.12064743041993,53.63301
52.8466682434082,53.63837
52.589515686035156,53.63031
53.82721710205078,53.59795
53.97623062133789,53.62848
52.62315368652344,53.71131
53.07018280029297,53.741768
54.55783462524414,53.761635
54.56985855102539,53.865852
53.930557250976555,54.024086
54.56263732910156,54.171
55.29805374145508,54.3406
56.768890380859375,54.561726
56.687179565429695,54.89809
56.554996490478516,55.290108
56.32667541503906,55.689163
56.545387268066406,56.05402
56.81695556640625,56.385693
57.80231857299805,56.690304
57.670135498046875,57.01909
58.44400405883788,57.336384
58.54013061523438,57.67531
59.26113510131836,58.01481
59.85475540161133,58.379745
58.47043991088867,58.77782
58.46323013305663,59.087334
59.78506088256836,59.315353
61.48180389404296,59.555332
61.88555145263672,59.896305
61.79664611816406,60.313435
61.82307052612305,60.753635
62.53657913208008,61.184982
62.70775985717773,61.628765
63.204315185546875,62.064484
63.14646530151367,62.499207
63.75151443481445,62.902557
63.31037139892578,63.297535
64.06244659423828,63.63399
64.38546752929688,63.95675
64.19023132324219,64.270355
63.442955017089844,64.546005
63.15852355957032,64.73073
63.10308456420899,64.82247
64.20950317382812,64.83987
63.70811462402344,64.87467
64.5638427734375,64.88779
64.421630859375,64.94041
63.67678833007812,65.00876
62.54141235351563,65.03721
63.093448638916016,64.96413
64.01907348632812,64.85968
65.25568389892578,64.79814
64.34207153320312,64.84935
64.71812438964844,64.91875
65.27013397216797,65.021545
65.43646240234375,65.17642
66.32596588134766,65.368706
67.46131896972656,65.632034
67.59391021728516,66.001076
67.43238067626953,66.42969
67.4998779296875,66.8632
67.36007690429688,67.277245
68.45929718017578,67.64234
68.52436828613281,68.02034
69.88391876220703,68.38727
69.857421875,68.81089
70.2719955444336,69.24582
70.78545379638672,69.68866
72.40052032470703,70.142365
71.69664001464844,70.67919
72.26795196533203,71.19494
71.92803955078125,71.70127
73.08511352539062,72.14695
74.63749694824219,72.597
74.80624389648438,73.12139
76.40440368652344,73.67557
75.3727035522461,74.31988
75.04969024658203,74.91955
75.98980712890625,75.430466
76.83110046386719,75.907814
76.3104248046875,76.38525
76.58280944824219,76.798615
76.95162200927734,77.159615
76.7298355102539,77.48508
74.47358703613281,77.75086
76.58039093017578,77.812515
78.18339538574219,77.865906
78.07010650634766,78.01217
74.60857391357422,78.20683
74.4036636352539,78.20024
76.86002349853516,78.043274
77.48675537109375,77.949234
78.39309692382812,77.94381
77.32755279541016,78.06033
77.69483184814453,78.1863
77.22605895996094,78.33635
79.05999755859375,78.46299
78.49702453613281,78.684456
78.51634216308594,78.920166
77.07868194580078,79.15303
78.19498443603516,79.275665
77.39277648925781,79.3867
75.64097595214844,79.42896
72.04801940917969,79.30761
69.60759735107422,78.848206
70.71183776855469,78.02648
66.08951568603516,77.07508
66.05086517333984,75.79459
72.20025634765625,74.366295
69.90721130371094,73.31643
73.14981079101562,72.448296
70.77708435058594,71.974304
69.8371353149414,71.65425
64.31358337402344,71.40459
68.94552612304688,70.86598
66.55103302001953,70.455315
59.978797912597656,70.00162
67.16474914550781,69.128136
58.52421188354492,68.473694
61.0975341796875,67.458855
59.60185623168945,66.42239
59.14518737792969,65.33739
55.39031982421875,64.257545
54.21360397338867,63.01168
59.652610778808594,61.653397
59.323997497558594,60.64045
62.44580841064453,59.911037
59.860408782958984,59.624607
61.56869888305664,59.50523
61.443050384521484,59.619034
58.21010971069336,59.8801
59.181434631347656,60.022545
58.33091354370117,60.132168
63.41957092285156,60.15506
62.68498992919921,60.43592
64.28942108154297,60.83289
64.75333404541016,61.389816
66.02426147460938,62.05391
69.35871124267578,62.83296
68.72565460205078,63.856853
69.27174377441406,64.947876
68.3318099975586,66.053406
66.9134521484375,67.0386
64.84515380859375,67.78592
66.71290588378906,68.18628
66.45437622070312,68.43788
68.3729019165039,68.55143
68.42118835449219,68.6852
67.31212615966797,68.82847
69.52303314208984,68.900444
70.98969268798828,69.06155
69.8468246459961,69.36911
70.83504486083984,69.68781
71.89820861816406,70.05958
72.63998413085938,70.51335
73.3914566040039,71.043816
75.13829803466797,71.643265
76.32063293457031,72.366066
75.44841003417969,73.20572
74.53744506835938,74.0178
74.99534606933594,74.700966
74.55199432373047,75.28021
76.30850219726562,75.720276
75.86754608154297,76.14894
77.34305572509766,76.512886
76.76640319824219,76.90543
77.26068115234375,77.255486
76.73735809326172,77.58729
77.07168579101562,77.85156
77.10559844970703,78.074554
77.03048706054688,78.25681
77.9778060913086,78.39462
78.33881378173828,78.554596
78.77008056640625,78.74314
78.09166717529297,78.968315
80.31583404541016,79.16114
80.79067993164062,79.464645
83.34188079833984,79.85571
85.48607635498047,80.44999
81.3818359375,81.28756
82.08447265625,81.97334
83.09962463378906,82.5593
85.30194091796875,83.1021
85.1832046508789,83.722466
85.2171630859375,84.34776
84.73016357421875,84.939804
86.94703674316406,85.43915
88.8028793334961,85.987816
87.23535919189453,86.65554
88.3934326171875,87.25987
85.677490234375,87.860176
87.65204620361328,88.23929
88.38372802734375,88.57278
88.21656036376953,88.89811
88.21656036376953,89.18574
90.57637023925781,89.42969
90.29534149169923,89.78339
92.39830780029295,90.1704
92.79566192626953,90.69624
92.95798492431642,91.30967
92.52915954589845,91.95618
94.06035614013672,92.55606
94.70723724365233,93.18656
93.5418701171875,93.83828
93.35289764404297,94.38495
95.32021331787111,94.81231
94.00462341308594,95.25901
94.26873779296875,95.60024
89.97794342041014,95.866035
89.75504302978516,95.7778
91.88226318359375,95.440445
90.37287139892578,95.09065
92.10514831542969,94.65207
93.2196578979492,94.297585
102.9786834716797,94.09647
105.5735092163086,94.66078
106.27854156494142,95.886215
106.6637725830078,97.54374
110.38516235351561,99.42275
107.87550354003908,101.58286
109.44344329833986,103.62095
106.18861389160156,105.548355
109.7177200317383,107.04618
111.65943908691406,108.388664
111.55993652343749,109.65635
111.26867675781251,110.777916
112.19584655761717,111.70547
112.33663177490234,112.501144
114.82933044433594,113.160965
120.74677276611328,113.85241
122.19093322753906,114.916954
121.18851470947266,116.2579
122.83656311035156,117.63412
121.36812591552734,119.059944
121.17152404785156,120.321106
125.28070831298828,121.37404
130.27096557617188,122.49228
127.5719680786133,123.911224
117.3584213256836,125.24686
117.43611145019533,125.74542
109.53324127197266,125.6654
113.90214538574219,124.64982
110.18372344970703,123.37197
108.73712158203125,121.73101
111.99925994873047,119.86161
112.17403411865234,118.18059
108.86333465576173,116.74576
107.12549591064453,115.35762
103.72746276855469,113.98763
106.87306213378906,112.49767
108.55267333984375,111.23897
103.99932861328125,110.32733
105.0672607421875,109.410515
109.00899505615234,108.63152
111.61090087890626,108.258575
110.76627349853516,108.358955
112.43614196777344,108.72234
113.38758850097656,109.359856
109.72741699218749,110.20635
113.10604858398439,110.89312
109.86334228515625,111.65708
111.72740173339844,112.19546
111.62061309814455,112.672844
113.56234741210938,113.062836
120.77589416503905,113.49697
117.57203674316406,114.41641
117.65939331054688,115.38082
117.19340515136719,116.328735
115.55262756347655,117.17022
112.6011962890625,117.77113
114.08660888671876,117.9682
113.4652557373047,117.97852
112.37788391113281,117.811325
111.6885757446289,117.460304
111.69827270507812,116.961555
113.203125,116.39595
107.96044921875,115.92324
111.9604263305664,115.19095
105.68860626220703,114.60933
105.60123443603516,113.739456
107.2225875854492,112.73658
111.60118865966795,111.81409
115.56234741210939,111.29719
115.43103790283205,111.35445
113.12610626220702,111.794174
112.78573608398438,112.3193
116.20908355712892,112.85165
115.93678283691406,113.583954
115.98540496826172,114.37934
116.99684143066408,115.169334
116.11180877685547,115.97048
114.78917694091797,116.6628
115.38241577148439,117.145256
114.11810302734375,117.49222
110.7239456176758,117.63395
112.00769805908203,117.39717
112.84409332275392,117.007965
113.3886947631836,116.59088
115.78114318847656,116.21735
119.35040283203125,116.06025
119.70050811767578,116.301216
119.56433868408203,116.8211
118.893310546875,117.49322
120.35211181640624,118.18244
120.9648208618164,118.938156
118.43618774414062,119.726875
119.85610961914064,120.31192
119.04891204833984,120.8188
118.43618774414062,121.17753
124.36869812011717,121.36957
124.30062866210938,121.83751
125.16620635986328,122.44581
123.18221282958984,123.17267
124.70909118652344,123.79682
128.2588348388672,124.41815
127.3641586303711,125.23365
128.34642028808594,126.05855
132.9368133544922,126.90548
131.1667938232422,128.02267
130.04835510253906,129.11775
129.0466766357422,130.05327
125.85669708251953,130.74925
127.41277313232422,131.01572
123.12386322021486,131.08241
127.32523345947266,130.70674
128.42420959472656,130.35063
125.43848419189455,130.0933
125.263427734375,129.71655
127.29607391357422,129.28162
125.37044525146483,128.97513
123.64903259277344,128.64153
124.32008361816408,128.20134
128.4047393798828,127.767654
133.11184692382812,127.64338
135.25144958496094,128.05219
138.9957275390625,128.93909
139.22918701171875,130.35223
138.15940856933594,132.042
133.3258056640625,133.7352
128.336669921875,134.98392
130.45681762695312,135.50943
131.28347778320312,135.658
130.26231384277344,135.58165
133.6175537109375,135.28105
133.20361328125,135.0796
133.34974670410156,134.92172
132.47311401367188,134.81859
131.8692626953125,134.70152
131.6160125732422,134.5456
131.8497772216797,134.35855
129.72645568847656,134.17972
127.43759155273439,133.87259
126.33699035644531,133.34787
126.49281311035156,132.6394
122.72344207763672,131.86446
122.58708953857422,130.83739
122.0903549194336,129.70709
117.8437271118164,128.54636
118.10669708251953,127.155426
124.46688079833983,125.72807
121.86634826660156,124.7986
118.88589477539061,124.083084
117.00608825683594,123.37237
118.26255798339844,122.59369
113.33412170410155,121.90828
117.94111633300781,120.99532
116.86000823974608,120.30794
118.78849792480469,119.73557
117.88267517089845,119.41474
120.76572418212889,119.2239
122.30462646484375,119.33391
121.5156936645508,119.74275
117.39569091796874,120.2755
116.86974334716797,120.58123
120.18130493164062,120.68254
119.35340881347656,120.85818
116.96711730957031,121.00712
117.45413208007812,120.96799
118.05799865722656,120.8397
118.23335266113281,120.69667
116.78206634521484,120.563034
118.97355651855469,120.34645
119.80146026611328,120.23923
122.62603759765625,120.26552
122.927978515625,120.57344
124.57402801513673,121.07103
126.9700698852539,121.78002
129.54136657714844,122.74831
127.8272018432617,124.00191
130.93423461914062,125.24595
128.5966339111328,126.61744
131.00242614746094,127.814644
130.67124938964844,128.98157
131.33355712890625,130.01732
129.64852905273438,130.9383
130.0284423828125,131.59923
128.5089569091797,132.0667
130.82708740234375,132.26273
131.21670532226562,132.42168
130.89529418945312,132.56366
130.10633850097656,132.66254
130.00894165039062,132.67322
128.0414581298828,132.61891
129.09341430664062,132.38943
124.52532958984375,132.13286
124.76883697509766,131.5591
126.3661880493164,130.83588
127.0394058227539,130.16463
123.76118469238281,129.61534
122.84410095214844,128.96324
119.78055572509766,128.2322
121.9269790649414,127.28946
124.34658050537108,126.41709
123.1953125,125.8085
121.80989074707031,125.33928
121.65380096435545,124.90884
124.20999145507812,124.527596
122.37577056884767,124.37941
124.00511169433592,124.27092
123.81000518798828,124.31347
123.76118469238281,124.43958
122.22943115234376,124.612404
121.57575225830078,124.70144
121.2537841796875,124.68535
122.0147705078125,124.57599
120.53180694580078,124.46073
122.82459259033203,124.24542
122.83434295654297,124.13494
123.65387725830078,124.09853
124.03437805175781,124.1726
123.03920745849611,124.3426
124.24900817871094,124.49963
127.30279541015625,124.72253
126.48326110839844,125.18068
126.98081970214844,125.70736
128.58090209960938,126.28351
127.28331756591798,126.96312
129.07847595214844,127.57534
130.71755981445312,128.22621
130.44439697265625,128.96646
130.1614532470703,129.6953
129.8687744140625,130.34888
131.49810791015625,130.88676
133.01036071777344,131.42056
133.62501525878906,132.01395
133.92745971679688,132.64659
136.55197143554688,133.28337
138.56182861328125,134.06018
141.04971313476562,135.01192
139.75210571289062,136.18661
141.57655334472656,137.33904
140.9813995361328,138.52882
142.09368896484375,139.61542
145.5181884765625,140.63531
144.864501953125,141.77217
142.82537841796875,142.85435
138.9813690185547,143.6862
142.59124755859375,144.02919
141.8594970703125,144.27493
143.2254180908203,144.37102
144.94256591796875,144.45537
145.362060546875,144.64026
143.19618225097656,144.90602
141.44970703125,145.05966
142.09368896484375,145.01399
142.30828857421875,144.88503
141.97657775878906,144.71924
143.7718048095703,144.51584
143.37176513671875,144.42606
143.4790496826172,144.38695
142.7951202392578,144.39554
142.7462158203125,144.38937
142.2674560546875,144.37288
142.5215301513672,144.31738
145.482177734375,144.25795
145.6873779296875,144.40337
147.66111755371094,144.68361
146.7523956298828,145.17494
143.0100860595703,145.70863
143.34230041503906,145.97958
144.79820251464844,146.08746
146.28341674804688,146.173
146.19546508789062,146.33366
144.96429443359375,146.52345
144.16310119628906,146.63605
145.19882202148438,146.6372
149.61534118652344,146.63596
148.35488891601562,146.93488
149.01931762695312,147.31665
150.1332244873047,147.78221
150.76834106445312,148.34874
153.1036376953125,148.98602
151.55978393554688,149.78838
150.54360961914062,150.53241
145.5603485107422,151.12054
146.12709045410156,151.21722
144.72979736328125,151.0275
145.6189422607422,150.55193
145.38442993164062,149.97853
142.71693420410156,149.35667
139.66839599609375,148.56117
140.1471405029297,147.50148
142.5117645263672,146.37703
143.46932983398438,145.44498
143.55726623535156,144.76682
142.04270935058594,144.31477
138.66195678710938,143.94693
139.56085205078125,143.43605
138.26132202148438,142.93544
139.38499450683594,142.38158
135.95535278320312,141.91006
137.88023376464844,141.28662
138.7498779296875,140.74507
140.01034545898438,140.34851
139.6292266845703,140.16304
139.5413360595703,140.10612
138.27108764648438,140.13805
137.68482971191406,140.14206
140.46957397460938,140.0902
141.52488708496094,140.19609
143.19570922851562,140.46606
145.3551025390625,140.94322
145.8436737060547,141.67506
146.0586700439453,142.55978
145.28672790527344,143.50331
145.23788452148438,144.36813
145.90232849121094,145.11797
145.4430694580078,145.78189
149.07794189453125,146.30548
146.37132263183594,146.94972
145.5505828857422,147.43053
146.58628845214844,147.71999
148.02267456054688,147.93217
147.5048065185547,148.17174
148.033203125,148.37251
147.21121215820312,148.57236
147.57327270507812,148.69914
144.745361328125,148.79582
144.6963653564453,148.66763
146.7708740234375,148.4013
146.7806854248047,148.20114
147.7592010498047,148.05272
150.1957550048828,148.01898
154.48175048828125,148.23267
157.104248046875,148.8918
157.5641632080078,149.9807
157.94580078125,151.31494
158.46438598632812,152.75183
153.44451904296875,154.19398
156.80091857910156,155.18472
161.75230407714844,156.05023
161.23367309570312,157.09831
160.24534606933594,158.14043
158.36656188964844,159.03947
161.77186584472656,159.65015
167.50608825683594,160.26656
171.32240295410156,161.22972
170.8135528564453,162.60698
175.59861755371094,164.12106
171.96824645996094,165.96391
170.5885009765625,167.62323
175.45184326171875,168.95955
168.56292724609375,170.32812
167.46694946289062,171.10902
166.10678100585938,171.39014
169.2772216796875,171.2171
171.87042236328125,170.97392
172.49661254882812,170.86493
176.45974731445312,170.88768
175.4420623779297,171.27719
175.53013610839844,171.80089
174.3754119873047,172.39362
173.75897216796875,172.91075
178.10366821289062,173.30225
175.84324645996094,173.88896
171.16580200195312,174.38464
168.3085174560547,174.46565
168.474853515625,174.08046
168.4944610595703,173.42859
171.32240295410156,172.63878
171.76272583007812,172.0077
168.4944610595703,171.5463
169.3555145263672,171.0039
166.1557159423828,170.52321
162.66232299804688,169.89008
160.97923278808594,168.96939
158.92430114746094,167.81557
158.15126037597656,166.44606
156.3507843017578,164.97923
156.26271057128906,163.42505
155.80282592773438,161.92094
166.6743621826172,160.52373
171.0288543701172,160.05583
170.8625030517578,160.51741
172.0661163330078,161.56252
169.18917846679688,163.02554
168.90501403808594,164.46605
168.1897735595703,165.78163
171.2957305908203,166.86629
172.71641540527344,167.9346
168.64051818847656,168.99799
165.23086547851562,169.68701
165.46603393554688,169.85046
169.2969207763672,169.67433
169.06182861328125,169.54369
165.46603393554688,169.41678
163.9179229736328,169.0516
160.99819946289062,168.4597
156.83409118652344,167.5572
159.4501495361328,166.22871
161.51751708984375,164.90305
161.78199768066406,163.80148
159.90081787109375,162.94032
163.19290161132812,162.17427
162.86959838867188,161.76744
159.8714141845703,161.59912
156.07965087890625,161.4007
154.25729370117188,160.94524
159.6558837890625,160.23425
155.31541442871094,159.77896
151.60203552246094,159.20235
147.5751495361328,158.34454
151.95477294921875,157.08879
156.36380004882812,155.96571
157.3730010986328,155.29585
160.66506958007812,155.03716
162.03675842285156,155.30786
165.40721130371094,156.0091
166.76913452148438,157.19054
170.55108642578125,158.70241
171.18795776367188,160.59607
172.0501708984375,162.64635
175.34226989746094,164.7162
174.17630004882812,166.87895
171.08018493652344,168.85121
170.78622436523438,170.33745
174.83274841308594,171.37767
171.5210723876953,172.3232
168.3563995361328,172.88039
168.66009521484375,172.92691
166.65155029296875,172.65828
162.39930725097656,172.04948
164.27064514160156,170.96341
166.9552764892578,169.78021
161.9485626220703,168.79099
161.7330322265625,167.64172
164.0159149169922,166.47595
163.849365234375,165.54109
163.05572509765625,164.80835
158.51931762695312,164.21315
159.58729553222656,163.44254
153.63021850585938,162.70183
153.40489196777344,161.61172
160.3319854736328,160.3692
154.46302795410156,159.58806
154.76675415039062,158.73787
156.2560272216797,157.94913
162.66383361816406,157.35866
153.60081481933594,157.38527
154.326904296875,157.17665
149.20494079589844,156.91336
151.6089324951172,156.26889
143.74932861328125,155.59474
139.88328552246094,154.38829
144.3478546142578,152.66483
142.80734252929688,151.02454
146.43792724609375,149.4259
138.1759796142578,148.22263
134.77113342285156,146.79187
135.00660705566406,145.10283
140.4229736328125,143.37766
137.72459411621094,142.11255
137.88165283203125,141.04613
141.0803985595703,140.21239
146.83038330078125,139.81563
146.04537963867188,140.13359
145.91783142089844,140.85292
148.3708953857422,141.7972
142.65032958984375,143.00238
143.39608764648438,143.89816
145.91783142089844,144.58955
145.18190002441406,145.2604
139.96180725097656,145.80803
134.55526733398438,145.87306
129.4038543701172,145.24632
130.267333984375,143.8497
132.8871612548828,142.0935
127.6179733276367,140.381
129.08985900878906,138.44438
133.3188934326172,136.60458
132.80868530273438,135.23874
135.67384338378906,134.24637
139.00021362304688,133.78104
139.00021362304688,133.93388
134.8594512939453,134.49763
136.61582946777344,135.02544
134.15293884277344,135.62607
136.32144165039062,136.05821
138.90206909179688,136.49947
140.23654174804688,137.08475
143.60214233398438,137.81226
144.27919006347656,138.81662
142.14993286132812,139.97978
143.121337890625,141.02417
142.75830078125,141.98955
145.68234252929688,142.80423
147.35037231445312,143.6622
144.3086395263672,144.59555
148.16485595703125,145.29996
150.16650390625,146.07776
152.4331817626953,146.9766
151.19683837890625,148.04822
150.0782470703125,149.0714
148.75360107421875,149.91838
153.8461456298828,150.49739
154.3956298828125,151.2111
159.45870971679688,151.98523
158.47750854492188,153.09998
157.00570678710938,154.28368
163.01077270507812,155.3355
162.69676208496094,156.6502
162.47079467773438,158.00569
161.9991455078125,159.28088
162.0482635498047,160.37923
166.29302978515625,161.28397
165.55613708496094,162.28918
169.10325622558594,163.22096
170.1742401123047,164.2904
170.01702880859375,165.43802
171.51055908203125,166.5431
171.1175079345703,167.64754
168.5333251953125,168.63832
164.65211486816406,169.30106
164.3180389404297,169.43173
164.61280822753906,169.18394
167.06924438476562,168.715
160.77088928222656,168.29747
158.56991577148438,167.4912
156.14291381835938,166.35423
154.48231506347656,164.91083
155.20944213867188,163.2533
153.09690856933594,161.62167
151.83917236328125,159.97049
153.24427795410156,158.34364
151.77040100097656,156.94948
154.62973022460938,155.70395
160.58419799804688,154.8529
151.1611785888672,154.73473
152.60557556152344,154.45233
149.71678161621094,154.21947
148.0758514404297,153.82748
151.79005432128906,153.24994
154.1678924560547,152.84637
151.04327392578125,152.73807
150.08035278320312,152.61433
147.81056213378906,152.43546
148.14466857910156,152.07649
149.11740112304688,151.6497
147.2308349609375,151.27008
139.99899291992188,150.81369
135.79351806640625,149.84317
139.9695281982422,148.3239
143.5559844970703,146.83147
143.85073852539062,145.68646
142.89761352539062,144.86699
137.65061950683594,144.26457
137.974853515625,143.49762
136.5599365234375,142.71184
135.9310302734375,141.86627
140.5001220703125,140.99777
135.97039794921875,140.48732
139.9302215576172,139.93108
141.24688720703125,139.67041
141.35496520996094,139.70786
140.89315795898438,139.953
144.70559692382812,140.29361
146.84764099121094,140.9417
149.6873016357422,141.89247
146.74937438964844,143.1773
142.2786102294922,144.39088
153.0281219482422,145.1719
150.66989135742188,146.36182
148.0267333984375,147.54465
142.5045623779297,148.4673
136.46173095703125,148.7726
136.19595336914062,148.23337
136.7274169921875,147.15315
137.2982635498047,145.80841
132.7413330078125,144.40875
144.5519561767578,142.75189
147.33731079101562,141.85933
145.93966674804688,141.706
147.6719207763672,141.97565
146.44166564941406,142.64943
148.3411865234375,143.46709
148.90219116210938,144.46483
145.6739959716797,145.54909
147.80970764160156,146.39095
148.68565368652344,147.16632
145.77239990234375,147.89233
141.94378662109375,148.32716
138.9419403076172,148.27629
145.6936492919922,147.70016
145.96922302246094,147.2782
145.4771270751953,146.98248
144.31573486328125,146.76154
140.6544647216797,146.53096
138.7155303955078,146.06227
140.39854431152344,145.34222
139.91632080078125,144.62033
142.20950317382812,143.90578
143.17405700683594,143.40527
140.94972229003906,143.1454
134.3456268310547,142.91428
132.38705444335938,142.27318
130.28085327148438,141.2819
130.21192932128906,139.97586
133.31219482421875,138.54123
130.14300537109375,137.32475
129.77883911132812,136.11368
127.9777374267578,134.9755
124.05072021484375,133.84277
127.5643539428711,132.52853
127.87931823730469,131.42773
123.09601593017578,130.55736
124.36566162109375,129.57959
123.04681396484375,128.69405
127.57421875000001,127.83644
128.0958251953125,127.3665
128.66668701171875,127.21889
131.38314819335938,127.34388
131.30441284179688,127.834236
132.63308715820312,128.53226
133.79446411132812,129.41888
133.07598876953125,130.45148
133.13507080078125,131.46169
135.6940155029297,132.39305
138.8828582763672,133.38081
140.2804412841797,134.55096
139.6210479736328,135.85414
141.68789672851562,137.11116
143.6267852783203,138.3958
140.7430419921875,139.73865
142.01266479492188,140.82333
143.13465881347656,141.75365
148.4396209716797,142.58583
152.06153869628906,143.65704
149.33523559570312,145.05298
152.2091522216797,146.37611
149.52224731445312,147.77016
148.48880004882812,148.91817
148.85353088378906,149.756
151.65298461914062,150.35072
151.0122528076172,150.9294
153.11184692382812,151.40082
151.51498413085938,151.91573
150.3715362548828,152.30576
146.3596649169922,152.51111
146.78353881835938,152.30113
147.2665557861328,151.86592
144.61495971679688,151.33614
145.8076629638672,150.59189
145.30496215820312,149.84512
143.23492431640625,149.10818
143.82638549804688,148.28856
148.8732452392578,147.51802
151.63327026367188,147.18063
149.43511962890625,147.33827
150.68698120117188,147.66705
148.4395294189453,148.18915
146.37937927246094,148.64777
148.3212890625,148.89641
150.41098022460938,149.12425
150.8052978515625,149.45735
153.62445068359375,149.85858
152.7865753173828,150.47379
155.15228271484375,151.12474
157.00543212890625,151.92426
155.57614135742188,152.8904
156.66041564941406,153.7973
157.96157836914062,154.68231
156.01968383789062,155.5763
155.39869689941406,156.27242
158.4741668701172,156.7487
160.0414581298828,157.25722
162.545166015625,157.84795
163.7970428466797,158.62314
163.26475524902344,159.54884
161.4214630126953,160.47168
162.30865478515625,161.20184
159.7161865234375,161.819
158.5037384033203,162.12859
157.81373596191406,162.13211
163.19573974609375,161.8815
162.8507843017578,161.8525
162.87046813964844,161.92853
164.09275817871094,162.07664
165.2362060546875,162.3509
164.27017211914062,162.76811
162.66346740722656,163.18236
162.96902465820312,163.45818
161.4313507080078,163.64832
161.4214630126953,163.65636
166.0050811767578,163.54488
167.25692749023438,163.6792
167.16822814941406,164.03891
166.13319396972656,164.5178
165.05877685546875,164.97401
163.4224395751953,165.31264
171.0913848876953,165.43675
171.02235412597656,165.95004
169.3170928955078,166.6518
171.08152770996094,167.31581
171.268798828125,168.04013
170.34095764160156,168.75865
169.847412109375,169.3561
169.847412109375,169.7978
170.4594268798828,170.10326
172.78890991210938,170.33603
172.89749145507812,170.66284
171.94989013671875,171.02681
169.34397888183594,171.32414
169.620361328125,171.37677
170.7555389404297,171.29092
173.16400146484375,171.19374
175.00985717773438,171.25897
174.9604949951172,171.54892
177.76377868652344,171.96083
178.6127166748047,172.62628
177.2603759765625,173.4644
176.8951873779297,174.26219
175.52313232421875,174.95706
178.23762512207034,175.43622
178.62257385253906,175.93149
181.41600036621094,176.41379
180.9422149658203,177.04794
181.57394409179685,177.69202
183.6073455810547,178.3448
182.5314178466797,179.09721
182.6202392578125,179.77647
181.58384704589847,180.36966
184.58456420898435,180.78728
184.2686767578125,181.27272
182.87692260742185,181.72966
185.63088989257812,182.03807
186.80552673339847,182.42581
187.1410980224609,182.90683
191.46453857421875,183.43465
189.97404479980466,184.26141
188.85862731933594,185.10225
189.33242797851562,185.8226
188.21702575683594,186.44868
186.1737823486328,186.88252
185.65061950683594,187.01529
187.3187713623047,186.90753
188.0788116455078,186.76372
188.2268829345703,186.64873
191.4842987060547,186.56793
191.22761535644534,186.74684
192.57994079589844,187.0532
190.63539123535156,187.52345
189.4607391357422,187.92624
190.26026916503906,188.18304
191.11904907226562,188.38512
191.9876708984375,188.59042
190.72419738769528,188.839
193.30052185058597,189.00414
193.91249084472656,189.2909
193.08334350585938,189.66713
190.09246826171875,190.01495
188.70066833496094,190.1115
179.63929748535156,189.94966
176.53984069824216,188.99011
177.47756958007815,187.39334
175.88833618164062,185.5582
175.67118835449222,183.57076
175.73049926757812,181.61392
177.38116455078125,179.82204
175.3944091796875,178.38652
174.524658203125,177.14996
171.98440551757812,176.0901
172.46873474121094,175.05435
173.8031005859375,174.15692
175.17701721191406,173.50835
179.0219268798828,173.16577
174.3368377685547,173.32098
176.5409851074219,173.4578
178.1027069091797,173.75316
181.9871673583984,174.23315
185.47628784179688,175.07072
185.69375610351562,176.31918
187.26531982421875,177.75674
187.50253295898438,179.33073
180.79119873046875,180.89177
175.503173828125,181.85275
176.11596679687497,181.99736
177.2823333740234,181.64542
174.2577667236328,181.05484
172.1919708251953,180.12184
173.70425415039062,178.89311
172.98269653320312,177.66689
175.90843200683597,176.46992
176.99569702148438,175.5887
173.45713806152344,175.04828
171.9152069091797,174.5282
172.7652587890625,173.97197
174.04031372070312,173.49852
169.968017578125,173.20007
168.45574951171875,172.7501
168.71273803710938,172.14372
169.22674560546875,171.49748
171.73731994628906,170.90282
170.40293884277344,170.55829
171.64834594726562,170.30333
172.88385009765625,170.22311
175.43397521972656,170.3491
176.91659545898438,170.7813
176.32354736328125,171.48503
177.71722412109372,172.2765
178.6166839599609,173.17348
176.7782135009766,174.13437
176.6497344970703,174.93535
175.09791564941406,175.5695
173.8031005859375,175.93384
173.42752075195312,176.00346
170.8773956298828,175.84566
170.99600219726562,175.36493
171.43087768554688,174.71892
169.11802673339844,174.03456
164.9567413330078,173.20775
166.2713623046875,172.06308
168.31735229492188,170.89536
168.7918243408203,169.92926
171.9547576904297,169.19286
175.5130615234375,168.88692
174.6037139892578,169.13402
177.15383911132812,169.6646
179.71380615234372,170.53868
180.77145385742188,171.75462
180.29698181152344,173.1804
184.48348999023438,174.60881
182.8999481201172,176.23438
185.51278686523435,177.74179
186.07693481445312,179.25267
187.7594451904297,180.68076
187.73968505859372,182.06433
189.4815673828125,183.30547
188.67990112304688,184.48267
189.34298706054685,185.46329
188.0167999267578,186.29037
187.83862304687503,186.85432
188.44235229492188,187.19333
187.42294311523435,187.398
187.99696350097656,187.42027
189.2737274169922,187.3638
187.4823455810547,187.34488
191.4313201904297,187.21892
190.34262084960938,187.32063
192.2725830078125,187.4697
193.69776916503906,187.78539
191.19378662109375,188.28192
192.7080535888672,188.68048
195.92462158203128,189.10677
196.07310485839844,189.73944
195.5386505126953,190.45753
193.8759307861328,191.14314
194.91513061523438,191.64178
192.82682800292972,192.06047
192.67832946777344,192.23842
191.60946655273435,192.24168
191.0651397705078,192.04987
191.16409301757812,191.70686
191.58969116210935,191.29565
190.55044555664065,190.89708
